val,avg_qos,avg_thr,avg_delay,avg_pl,n,class,category
1,0.5721903284429113,3.30117286274357,123.95638021901793,0.33760492595479347,12830,MEDIUM,load_level
2,0.575198767980811,3.389748713378325,116.49626810400953,0.35387468836840014,12595,MEDIUM,load_level
3,0.5118788633752573,2.2082796498480244,162.96499594832827,0.6253819626869301,3290,MEDIUM,load_level
4,0.3913238344575585,0.9444050783018868,227.55726297169812,0.8798319575471698,2120,MEDIUM,load_level
5,0.391667202355764,0.9881601621301774,190.75734994674556,0.899412426035503,1690,MEDIUM,load_level
0,0.4960423675407973,2.248740763650546,165.49800265834634,0.5455305619243369,25640,MEDIUM,mobility_speed
1,0.723534153154506,5.498400257663126,23.28247708649469,0.03673206874051593,3295,GOOD,mobility_speed
3,0.7312374680068603,5.6061305107739,23.53273951441578,0.037246696965098636,3295,GOOD,mobility_speed
10,0.8455497040812984,5.892068813559322,3.261300677966102,0.0003954796610169492,295,GOOD,mobility_speed
